year,jan,feb,mar,april,may,june,july,aug,sept,oct,nov,dec,total,post_monsoon,summer,winter,monsoon,classification,category
1901,0.0,-0.5797692290241545,0.0,1.869065995013039,1.818838387286812,0.49221241892340234,0.4600775897874831,0.3325539905156434,-1.2753788413975777,-0.8364921629579619,-0.6983502149263773,-0.5853889018316827,0.027046287415679385,-0.9263778971988627,1.9036229036413983,-0.8086405688026457,0.18481872099376373,1,2
1902,0.0,-0.5797692290241545,0.0,-0.5781438617490843,-0.6199549380093764,-1.080005606280334,-1.2259634614730233,0.4209992885556163,1.9903601626045844,-0.5526236379171514,-0.6456042867958998,1.796575508108375,-0.39007083729338776,-0.6375950616444777,-0.6460557609965623,0.9601277210866757,-0.27514429045475214,1,1
1903,0.0,-0.5797692290241545,0.0,-0.5781438617490843,1.818838387286812,-0.5881800410554546,0.5095350842737807,0.5680312990496073,-0.22807917898189933,1.400632134723708,-0.6983502149263773,-0.5853889018316827,0.6618843847940119,1.291742559386355,1.787425077461933,-0.8086405688026457,0.18869113006485974,1,3
1904,0.0,-0.5797692290241545,0.0,-0.5781438617490843,-0.7051201637454491,0.8219687677804566,-1.287606779830413,-1.1181244187233275,-1.1633220501668327,-0.4010974377639634,-0.6983502149263773,-0.5853889018316827,-1.368591702541072,-0.49468174708198204,-0.7310354691096125,-0.8086405688026457,-1.332714337865177,1,0
1905,0.0,1.7912039585162693,0.0,-0.5781438617490843,-0.7051201637454491,-1.5769460846759973,-0.6168200800254484,-1.2174445990345113,-0.7105986341587579,-0.8743632605614474,1.8299372224688821,-0.5853889018316827,-2.048921205329538,-0.6127818614119156,-0.7310354691096125,0.7206326590133588,-2.0352271436991476,0,0
1906,0.0,1.7912039585162693,0.0,-0.5781438617490843,-0.7051201637454491,-0.7851657708751327,0.16503166832615823,0.30797853761510036,-1.0423193051131967,-0.9837305061284163,-0.6983502149263773,-0.5853889018316827,-0.7357857061791784,-1.0723654855141596,-0.7310354691096125,0.7206326590133588,-0.5554485523189606,1,0
1907,0.0,1.7912039585162693,0.0,1.869065995013039,-0.7051201637454491,0.4560331867970339,2.0884733266286073,0.001892991224989246,-1.3495321667562459,-0.8671880728544178,-0.6983502149263773,-0.5853889018316827,0.6596272923483704,-0.956813052610381,-0.6148376429301472,0.7206326590133588,0.9154888244626697,1,3
1908,0.0,1.7912039585162693,0.0,-0.5781438617490843,-0.621136020368304,-0.7357594514189532,0.4920941932762305,-0.07447966060041795,-0.486716824129631,-0.6905727768856439,-0.6983502149263773,-0.5853889018316827,-0.47360519144770646,-0.7816980617535186,-0.6472342705731138,0.7206326590133588,-0.3147148818052753,1,1
1909,0.0,-0.5797692290241545,0.0,1.869065995013039,-0.7051201637454491,0.5046743274140093,0.7928385812980894,-0.5435528739240194,1.095384839761559,-0.9856884550372446,-0.6983502149263773,-0.5853889018316827,0.5816550864367729,-1.0743068021107032,-0.6148376429301472,-0.8086405688026457,0.8709793943426577,1,2
1910,0.0,-0.5797692290241545,0.0,-0.5781438617490843,0.026046949608921663,-0.19902010672752832,-1.645340801970173,1.2747982498811468,-0.2290454868399678,0.2153159008733739,-0.1407949650034428,-0.5853889018316827,-0.5353306126568869,0.19393229920089883,-0.001461076067192443,-0.8086405688026457,-0.5103411562497662,1,1
1911,0.0,1.7912039585162693,0.0,-0.5781438617490843,-0.13325487808030267,-0.8690278785231563,-1.2803454359023005,0.35072816208247154,-0.90502960009808,-0.9826825898174013,-0.535293348099907,-0.5853889018316827,-1.4782451357036706,-1.048680045465936,-0.16041589244797938,0.7206326590133588,-1.3591620410877032,1,0
1912,0.0,-0.5797692290241545,0.0,-0.5781438617490843,0.5252375174412723,-0.7753593231590425,-0.021846852849686915,-0.47678373446791283,-1.0071664683286954,-0.4723553959765481,1.8299372224688821,-0.5853889018316827,-0.935278910169979,-0.21418895843018376,0.4966420919869143,-0.8086405688026457,-1.033231768881245,1,0
1913,0.0,1.5966198650861099,0.0,-0.5781438617490843,-0.7051201637454491,1.3083493601542848,0.41481570888962055,-1.1837683856419883,-0.7228746800942981,0.19758381329713492,-0.6983502149263773,-0.5853889018316827,-0.044964970341631216,0.09891384853548241,-0.7310354691096125,0.5951262862693112,0.036942058987470265,1,2
1914,0.0,1.7912039585162693,0.0,1.1838472189868594,-0.7051201637454491,0.2515454850945572,0.6506481591461231,0.16130186843913674,1.698996574049589,-0.9267340578201395,-0.11619177800425799,-0.5853889018316827,0.9497190725726868,-0.9349991608057011,-0.6473730350264104,0.7206326590133588,1.2436712004820816,1,3
1915,0.0,1.7912039585162693,0.0,0.45593355598630514,-0.23324302719362225,1.7706522202173376,-1.3454533676644544,-1.0027153632482653,-0.10305536625860989,0.40161864312685597,-0.6871436544552298,-0.5853889018316827,-0.37865628128263296,0.3027718926923457,-0.21108642108328432,0.7206326590133588,-0.415835016883738,1,1
1916,0.0,-0.5797692290241545,0.0,0.400740080955765,0.11911769612724898,-0.2866547617269804,-0.26649039857744833,0.6735725302600686,0.09362626687565781,1.4138802845839147,0.21742345280714087,-0.5853889018316827,0.15958027728937385,1.432066926130869,0.13788606249866653,-0.8086405688026457,0.07021083748389069,1,2
1917,0.0,1.7912039585162693,0.0,-0.5781438617490843,1.818838387286812,0.6416483328675268,-0.7611435545662238,2.646826355280922,1.38151104808045,2.5022201250855454,-0.6983502149263773,-0.5853889018316827,2.4939465427012424,2.383972820656299,1.787425077461933,0.7206326590133588,1.7320590554227606,2,3
1918,0.0,-0.5797692290241545,0.0,-0.5781438617490843,1.818838387286812,-0.9033098506913582,-1.8859219069683637,-0.7388442151447958,-1.2098960229068012,-0.9856884550372446,-0.6501664911356994,-0.5853889018316827,-1.9945043948376664,-1.0676147250813133,1.787425077461933,-0.8086405688026457,-2.384329180318914,1,0
1919,0.0,-0.5797692290241545,0.0,-0.5781438617490843,-0.7051201637454491,-0.1468811030439226,0.4466873567356947,-0.07372684694202998,-0.3544862252911614,-0.3285641966292291,-0.5331845960213472,-0.5853889018316827,-0.13058599981669236,-0.39982535555701365,-0.7310354691096125,-0.8086405688026457,0.009536577830212221,1,1
1920,0.0,1.7912039585162693,0.0,-0.5781438617490843,-0.7051201637454491,-1.3176712948820688,-0.05252300483619826,-0.7695612949042274,-0.9350467447007561,0.013278103118109282,-0.6983502149263773,-0.5853889018316827,-1.3558656138816103,-0.08382622828421642,-0.7310354691096125,0.7206326590133588,-1.4429773949835463,1,0
1921,0.0,-0.5797692290241545,0.0,-0.5781438617490843,-0.7051201637454491,0.0849120444651529,1.3266241146278708,-0.7049301494884513,0.24725735095951806,-0.8638469058663301,-0.6983502149263773,-0.5853889018316827,0.3045324917436677,-0.9535002680445771,-0.7310354691096125,-0.8086405688026457,0.5572764544974159,1,2
1922,0.0,-0.5797692290241545,0.0,1.869065995013039,-0.680607076585065,0.42881780592705254,0.4363090740819568,-1.2328751103841455,-0.28904608619169686,-0.7289135050388466,0.31296476003172646,1.796575508108375,-0.40471241963390603,-0.6792549235471133,-0.590377953264147,0.9601277210866757,-0.252614847195863,1,1
1923,0.0,0.9920672835915577,0.0,-0.5781438617490843,-0.7051201637454491,-1.5788502189675206,1.2706163169796567,-0.8866200573050089,0.6745368378706841,-0.9856884550372446,-0.6983502149263773,-0.5853889018316827,-0.4522183026765158,-1.0743068021107032,-0.7310354691096125,0.20519101304686402,-0.24311714101470594,1,1
1924,0.0,-0.5797692290241545,0.0,-0.5781438617490843,-0.7051201637454491,-1.130142302937817,-0.9084066499346002,0.19825031699974438,0.16325600975292096,-0.9827539282434352,-0.2998016310367402,-0.5853889018316827,-1.0883969447215804,-1.016044117083385,-0.7310354691096125,-0.8086405688026457,-0.9370338607121704,1,0
1925,0.0,-0.5797692290241545,0.0,-0.5781438617490843,1.818838387286812,0.5838972509012563,-1.6691697165627573,-0.8044812751433671,-1.056537259327737,-0.8845260598059687,0.6545083765424116,-0.5853889018316827,-1.396011635470583,-0.7861097303631461,1.787425077461933,-0.8086405688026457,-1.477398385462919,1,0
1926,0.0,-0.5797692290241545,0.0,-0.5781438617490843,-0.5886686701682289,-1.3948406478968183,1.1991231309630996,0.8593236738453534,0.37984601042868155,-0.7361192173697264,-0.6983502149263773,-0.5853889018316827,0.4191531130542735,-0.8268575960123344,-0.6148376448451798,-0.8086405688026457,0.5584647170148418,1,2
1927,0.0,1.7912039585162693,0.0,-0.5781438617490843,-0.7051201637454491,1.3016424012610663,-0.7500056842502089,-0.9455858044929881,-0.7299433414170664,1.5334637989752018,1.8299372224688821,1.796575508108375,-0.31509607166146514,1.774591277493416,-0.7310354691096125,2.4894009489026803,-0.5247862793395006,1,1
1928,0.0,1.7912039585162693,0.0,-0.5781438617490843,0.10552165209382143,-0.08158254832225724,-0.07727576204832202,0.6447101836587676,-0.4565863979888526,-0.7786710283431933,-0.4809423560897433,-0.5853889018316827,-0.13567507346497512,-0.8388528855047913,0.0778405046092698,0.7206326590133588,0.055611137765017596,1,1
1929,0.0,-0.5797692290241545,0.0,1.869065995013039,-0.7051201637454491,0.2572024597280454,-1.4169832092399088,-0.7900015834891477,-0.7018241099789039,0.8099200193770271,-0.5523541574472985,1.796575508108375,-1.2261474167041027,0.7263253100733466,-0.6148376429301472,0.9601277210866757,-1.3523699013987776,1,0
1930,0.0,-0.5797692290241545,0.0,-0.5781438617490843,-0.6751258262595576,0.7283011628366677,-1.53475674850981,-0.9383693403695421,2.4259890569818574,-0.41694839871536044,-0.6865739998880442,-0.5853889018316827,-0.10564124564940736,-0.5087624985616549,-0.7011064690680409,-0.8086405688026457,-0.039748863989957396,1,2
1931,0.0,-0.5797692290241545,0.0,-0.5781438617490843,-0.7051201637454491,-1.1731879948253854,1.3844809029661063,0.41600355786736576,-0.8293489228827925,2.5022201250855454,1.8299372224688821,1.796575508108375,0.7898318188483542,2.7351182480415037,-0.7310354691096125,0.9601277210866757,0.08892726787842797,1,3
1932,0.0,-0.5797692290241545,0.0,-0.5781438617490843,0.42434136217765106,-0.9832109555287594,0.5477900689492722,-1.1215232205651162,-0.11326622871556943,1.654358358706867,-0.6236212187344253,1.796575508108375,-0.6097875626319792,1.5536923007497712,0.39596572143864883,0.9601277210866757,-0.7811418676238964,1,1
1933,0.0,-0.5797692290241545,0.0,-0.5781438617490843,1.818838387286812,-0.8662856636696804,-1.2852731127246086,0.25878230486876624,0.21114766879558236,-0.08118617994698765,-0.6983502149263773,1.796575508108375,-0.8795481718008081,-0.17748805963640685,1.787425077461933,0.9601277210866757,-0.9724962327432999,1,0
1934,0.0,-0.5797692290241545,0.0,-0.5781438617490843,-0.7051201637454491,1.3898414081624897,-0.8378380302267489,0.3454771971184188,-0.4401567829667894,-0.8926104748613056,1.8299372224688821,-0.5853889018316827,0.06685481150412045,-0.6308740699477371,-0.7310354691096125,-0.8086405688026457,0.22069063389666527,1,2
1935,0.0,-0.5797692290241545,0.0,-0.5781438617490843,-0.7051201637454491,0.9221601591180852,-0.6677927284431493,-0.4533422021588719,-0.28921625709869525,-0.3687358835167001,-0.5396967251868308,-0.5853889018316827,-0.384032085636746,-0.4405602414238758,-0.7310354691096125,-0.8086405688026457,-0.25495549738704626,1,1
1936,0.0,1.5966198650861099,0.0,-0.5781438617490843,0.7742965758305298,1.4397941368339944,-1.6764141915071804,-1.0588858381365827,-0.2475605262301821,-0.9674658535180083,1.8299372224688821,-0.5853889018316827,-0.9173303908740758,-0.7050935698905566,0.7451586185610413,0.5951262862693112,-0.8589776759730513,1,0
1937,0.0,1.7912039585162693,0.0,-0.5781438617490843,-0.7051201637454491,0.20993183202467328,0.6890924830398286,-1.376721226110138,-0.1820046541001395,-0.3604942873699552,-0.6983502149263773,1.796575508108375,-0.36598656711500227,-0.45442351083463195,-0.7310354691096125,2.4894009489026803,-0.24711779673631887,1,1
1938,0.0,-0.5797692290241545,0.0,-0.5781438617490843,1.818838387286812,0.9989299360517485,-0.7624345289156246,-0.11104078809296171,-0.7491538335141705,2.5022201250855454,1.8299372224688821,-0.5853889018316827,0.5845758379745711,2.7351182480415037,1.787425077461933,-0.8086405688026457,-0.2800067963020502,1,2
1939,0.0,-0.5797692290241545,0.0,-0.5781438617490843,-0.7051201637454491,-1.531433129650575,0.19495173481413114,-0.30384459438925204,-0.8924517304241776,-0.9483978799538993,1.8299372224688821,-0.5853889018316827,-1.2128113619934369,-0.686187574246056,-0.7310354691096125,-0.8086405688026457,-1.161321638610975,1,0
1940,0.0,1.7912039585162693,0.0,-0.5781438617490843,-0.7051201637454491,0.4550350889213463,-0.22578212448997403,0.5443809630233066,0.6233209388236857,1.3505478175020755,1.8299372224688821,-0.5853889018316827,0.7378902680894872,1.5932291239633856,-0.7310354691096125,0.7206326590133588,0.6118816879573162,1,3
1941,0.0,-0.5797692290241545,0.0,-0.5781438617490843,-0.7051201637454491,-1.2033810882109828,-0.8806079103144103,-1.4584175754892088,-0.8772755688899391,0.30614141920685267,-0.6983502149263773,-0.5853889018316827,-2.0888110353772373,0.20654928329241373,-0.7310354691096125,-0.8086405688026457,-2.1822221103588917,0,0
1942,0.0,-0.5797692290241545,0.0,-0.5781438617490843,-0.7051201637454491,0.5995209984302934,0.4586752287848804,-0.8056938026335436,0.03239654702028035,-0.9856884550372446,-0.6983502149263773,1.796575508108375,-0.05299139642022291,-1.0743068021107032,-0.7310354691096125,0.9601277210866757,0.18320557587726902,1,2
1943,0.0,-0.5797692290241545,0.0,-0.5781438617490843,1.818838387286812,0.7209965613076645,-0.05385996963213451,-1.545322320155522,-0.30559082359319484,0.5827354115579447,-0.5885151277752262,-0.5853889018316827,-0.28373282230439856,0.49604830487836266,1.787425077461933,-0.8086405688026457,-0.5488312733617631,1,1
1944,0.0,-0.5797692290241545,0.0,-0.5781438617490843,-0.4285664703626396,-0.7135014977909034,1.2111774457578002,0.01278601601224673,-1.3384637986335994,0.08003457074724242,-0.6983502149263773,-0.5853889018316827,-0.2542913239747831,-0.01763684103783142,-0.45508419981939524,-0.8086405688026457,-0.17538791048269714,1,1
1945,0.0,-0.5797692290241545,0.0,-0.5781438617490843,-0.7051201637454491,0.2676272947850368,-0.0982080735133706,0.60282100490121,-0.3229083285147181,-0.9156915455713476,-0.49063355753367854,-0.5853889018316827,0.04600077447491257,-0.9760554246030295,-0.7310354691096125,-0.8086405688026457,0.25187902771653603,1,2
1946,0.0,-0.5797692290241545,0.0,-0.5781438617490843,1.818838387286812,-0.20371243355666876,-0.5026928011950348,0.07835053303420131,0.6327250082579949,-0.22043591958940795,1.8299372224688821,1.796575508108375,0.10920196908208178,0.03559052166648488,1.787425077461933,0.9601277210866757,-0.10940445444161238,1,2
1947,0.0,-0.5797692290241545,0.0,1.869065995013039,-0.7051201637454491,-1.6150095899513903,-0.4098421405437393,0.7792008291308449,1.1114391432581263,-0.3328920725174165,-0.6983502149263773,-0.5853889018316827,-0.2245872656580611,-0.42705577026030456,-0.6148376429301472,-0.8086405688026457,-0.2389083288587101,1,1
1948,0.0,-0.5797692290241545,0.0,-0.5781438617490843,-0.7051201637454491,-1.0371955773976163,0.14727085577770233,-0.10726877821781826,0.014180581869829553,-0.7320440601521915,1.8299372224688821,-0.5853889018316827,-0.3297388855110243,-0.4716716289050489,-0.7310354691096125,-0.8086405688026457,-0.48864021740803815,1,1
1949,0.0,-0.5797692290241545,0.0,-0.5781438617490843,1.818838387286812,-0.2679535932222157,0.06542210919070998,-0.4895868200075378,2.4259890569818574,-0.27613537990432907,-0.6983502149263773,-0.5853889018316827,0.9289118592496003,-0.3707812123094248,1.787425077461933,-0.8086405688026457,0.6020691209024982,1,3
1950,0.0,-0.5797692290241545,0.0,-0.5781438617490843,-0.17058959379646588,-1.44517719945255,0.038315816092105916,-1.4108353248567105,1.8793817826001886,-0.6637380334276721,-0.5811623756359209,-0.5853889018316827,-0.8105596247380428,-0.7388154441184122,-0.19766928098328887,-0.8086405688026457,-0.6791211646348156,1,0
1951,0.0,-0.5797692290241545,0.0,1.869065995013039,1.818838387286812,-0.1243101248388998,0.4061913480581868,-0.9460971369739278,-1.2841548045810338,0.498992752259441,0.1524161749289824,-0.5853889018316827,-0.7120667309576814,0.5159225022595866,1.9036229036413983,-0.8086405688026457,-0.7953201687837617,1,0
1952,0.0,-0.5797692290241545,0.0,-0.5781438617490843,-0.7051201637454491,0.5673848419530465,0.20637076539746382,-1.1555297176311754,-1.1878634582569918,-0.08176338771980483,-0.6983502149263773,-0.5853889018316827,-0.6951921120247233,-0.17806036416589258,-0.7310354691096125,-0.8086405688026457,-0.6261620551209712,1,0
1953,0.0,-0.5797692290241545,0.0,1.869065995013039,-0.7051201637454491,1.4047892875379333,0.8309281963242188,-0.403492831857751,-0.913736008443282,0.04836100849877988,-0.6983502149263773,-0.5853889018316827,0.49983374629360516,-0.049041343876160985,-0.6148376429301472,-0.8086405688026457,0.6384500875332585,1,2
1954,0.0,1.7912039585162693,0.0,1.869065995013039,-0.7051201637454491,0.22550547991183556,1.9050584562806736,1.6025003958540234,2.0470562269533428,-0.30198380758053633,-0.6983502149263773,1.796575508108375,2.481564444268875,-0.39641006371413884,-0.6148376429301472,2.4894009489026803,2.8041602218799957,2,3
1955,0.0,-0.5797692290241545,0.0,-0.5781438617490843,-0.4710819519120899,-0.5339513797519045,-0.9090744014416405,2.123028341178442,-0.2369296335534607,2.2457349545199485,-0.34046302597979744,-0.5853889018316827,0.33370794834272655,2.179372191403584,-0.4975070687912291,-0.8086405688026457,0.1621309333199473,1,2
1956,0.0,-0.5797692290241545,0.0,-0.5781438617490843,1.818838387286812,0.754381127709295,0.3400452978875123,0.17546047100837295,1.2691916912355166,0.5570990889895214,0.397381026950542,-0.5853889018316827,1.1752039715907594,0.6075575924111963,1.787425077461933,-0.8086405688026457,1.1592319435558809,1,3
1957,0.0,-0.5797692290241545,0.0,-0.5781438617490843,1.818838387286812,-0.9316856875711649,0.11411226270409656,0.7900412950019166,-1.2748121373739592,-0.7738354400722571,1.8299372224688821,-0.5853889018316827,-0.5561248838367993,-0.5131080009500378,1.787425077461933,-0.8086405688026457,-0.5109780343608774,1,1
1958,0.0,-0.5797692290241545,0.0,-0.5781438617490843,-0.40738033663161516,1.244022305551319,0.4933462914651706,2.646826355280922,0.449293862916043,-0.981471187408074,-0.4521874479884105,-0.5853889018316827,2.0422731763946413,-1.0359366317646308,-0.433944216393696,-0.8086405688026457,2.400803192678919,2,3
1959,0.0,-0.5797692290241545,0.0,1.869065995013039,0.12907970638315924,-0.2858072274053228,0.6074046107980359,0.8147174180378192,-0.20357610545834126,2.5022201250855454,-0.6983502149263773,-0.5853889018316827,0.9153559764091042,2.383972820656299,0.21754506795659495,-0.8086405688026457,0.5302820118287852,1,3
1960,0.0,-0.5797692290241545,0.0,-0.5781438617490843,0.09392732486886222,2.1807412800385704,-0.6608517459003297,-0.7346830172113048,-1.0136909521720976,2.5022201250855454,-0.6983502149263773,0.8663196289469528,0.2252971605272571,2.383972820656299,0.06627143360841767,0.2693503552799202,-0.03310079847915175,1,2
1961,0.0,1.7912039585162693,0.0,0.5735712654105145,1.818838387286812,-0.5729837716902778,1.4689827073873183,-0.4345014104041915,-0.22163975079138373,0.4890102405353542,-0.6983502149263773,1.796575508108375,0.2638408551584667,0.38786467729207896,1.842110536407827,2.4894009489026803,0.25747546128501425,1,2
1962,0.0,1.7912039585162693,0.0,1.869065995013039,1.818838387286812,-1.778413018541058,-1.1222738510185721,-0.6535540059175111,-0.018892879548001604,-0.8868125064572148,0.8179100190779527,1.796575508108375,-1.816551632224656,-0.7656824439027577,1.9036229036413983,2.4894009489026803,-1.8818871935219967,1,0
1963,0.0,-0.5797692290241545,0.0,-0.5781438617490843,-0.7051201637454491,-0.45278236295757585,0.10889141869780329,2.2338223518097693,0.07401794601496124,-0.6586312994514077,-0.1100753406643302,-0.5853889018316827,0.7289935266631257,-0.668324380250173,-0.7310354691096125,-0.8086405688026457,0.9674896732475134,1,3
1964,0.0,-0.5797692290241545,0.0,-0.5781438617490843,-0.6135699784120023,0.4491082841927964,-0.909384504006039,0.1541400543102441,-0.22794269322316396,0.5504347742544374,-0.18187510706606383,-0.5853889018316827,-0.3137559638603248,0.5204989329121872,-0.6396847099225011,-0.8086405688026457,-0.31019178093862027,1,1
1965,0.0,-0.5797692290241545,0.0,1.869065995013039,-0.7051201637454491,0.47747124315744965,1.0136540513506105,-0.288016102602099,-1.2478953479902353,-0.9856884550372446,-0.35110308144215835,1.796575508108375,-0.014513306949525509,-1.0260788034693682,-0.6148376429301472,0.9601277210866757,0.20096026595087305,1,2
1966,0.0,-0.5797692290241545,0.0,-0.5781438617490843,0.17983449587419492,-0.8462368988310122,0.49456548919885446,-1.3758858905782856,-0.4387990947793777,-0.7335533081066801,-0.5593868016599887,-0.5853889018316827,-1.1087658180309068,-0.8050133175784184,0.15199147079207903,-0.8086405688026457,-0.9947700257732852,1,0
1967,0.0,-0.5797692290241545,0.0,-0.5781438617490843,-0.7051201637454491,0.9847473243922203,0.7525356599163284,-0.6591934353734419,-0.5445079266165447,-0.11019219466622635,-0.6983502149263773,1.796575508108375,0.3149340562468708,-0.20624767513002495,-0.7310354691096125,0.9601277210866757,0.39692234475037463,1,2
1968,0.0,-0.5797692290241545,0.0,-0.5781438617490843,-0.7051201637454491,-1.3106081265382596,-0.6616160435143816,-1.3260967248653655,-0.897124291812942,-0.32819466191806984,-0.5504606295803987,-0.5853889018316827,-2.0454300730357216,-0.4018583707576177,-0.7310354691096125,-0.8086405688026457,-2.052237277184416,0,0
1969,0.0,-0.5797692290241545,0.0,0.18966619949700306,-0.7051201637454491,-0.14139111173665656,-0.5215116599519982,-1.0405644279754926,0.3722432447563252,-0.9658624622387312,-0.20850698611935856,0.36739686214434036,-0.9050534000435867,-0.9866165307016488,-0.6945784975961189,-0.1011332528469171,-0.7435993887717335,1,0
1970,0.0,-0.5797692290241545,0.0,1.869065995013039,1.818838387286812,1.6011302060096888,-0.7324140473940425,1.0948656736542148,-0.03666033188995507,-0.057409104431246895,-0.6983502149263773,-0.5853889018316827,0.7996089668410609,-0.1539129647461091,1.9036229036413983,-0.8086405688026457,0.9164561264029722,1,3
1971,0.0,1.7912039585162693,0.0,-0.5781438617490843,1.818838387286812,2.2533145552984344,-1.4969696977363625,0.7762986980067733,0.19437319690534893,-0.6134127507322854,-0.6983502149263773,-0.5853889018316827,0.6298253535424583,-0.7051934917487238,1.787425077461933,0.7206326590133588,0.737398761243753,1,3
1972,0.0,1.7912039585162693,0.0,1.341381180453235,-0.48590079648150053,0.8207186483805952,-0.6318000083980178,-1.4175634148569851,-1.2102419378535538,-0.9830262191622782,1.8299372224688821,-0.5853889018316827,-1.1817847307565934,-0.7205217539137995,-0.42115120956926366,0.7206326590133588,-1.1206040485212985,1,0
1973,0.0,1.7912039585162693,0.0,1.869065995013039,-0.7051201637454491,-0.6571871162658462,-0.5622607841850926,0.007024639134237447,0.2908809401665381,-0.1861504258318347,-0.6983502149263773,-0.5853889018316827,-0.6272763825761288,-0.28156065911087264,-0.6148376429301472,0.7206326590133588,-0.542011664121002,1,1
1974,0.0,-0.5797692290241545,0.0,1.869065995013039,1.818838387286812,-1.3964587797346346,2.087502508150828,0.2846445429614058,-0.7510870818397972,0.8810239240491983,-0.6983502149263773,-0.5853889018316827,0.4265744840534937,0.7765482974040584,1.9036229036413983,-0.8086405688026457,0.3475085296198207,1,2
1975,0.0,-0.5797692290241545,0.0,-0.5781438617490843,-0.5096821980065455,0.23365511800663974,0.4732398888562387,1.0863622519632223,0.7924488667395598,1.4645656703847152,-0.6983502149263773,-0.5853889018316827,1.2269346311340266,1.3551329948031354,-0.5360232309671411,-0.8086405688026457,1.2376385625959674,1,3
1976,0.0,-0.5797692290241545,0.0,-0.5781438617490843,-0.2950820933319163,-0.5508357533492919,0.13209730085556526,-0.29254275824040676,0.46477072099355343,-0.9856884550372446,1.8299372224688821,-0.5853889018316827,-0.31333144725308926,-0.7231613747254986,-0.32189059527384234,-0.8086405688026457,-0.16730281116036685,1,1
1977,0.0,-0.5797692290241545,0.0,1.7252863976116088,-0.7051201637454491,-0.3476877011216465,1.2511454845447059,-0.9554447547052883,0.967564854929666,-0.5253822268338229,1.8299372224688821,-0.5853889018316827,0.3344986035093742,-0.26676533891753307,-0.6216645509784458,-0.8086405688026457,0.4500205634201958,1,2
1978,0.0,1.7912039585162693,0.0,-0.5781438617490843,0.6467324825774692,1.3248104552125817,-1.084937037839214,-1.0142939756790716,-0.44786618150379687,-0.0867331540146344,1.7583951231973833,1.796575508108375,-0.640468522085806,0.15822126985497523,0.6178724014852441,2.4894009489026803,-0.6310941470995135,1,1
1979,0.0,1.0540006309951166,0.0,-0.5781438617490843,-0.4128276833363814,0.40481055084640394,-1.4272936323333703,0.5123361080107521,-0.5114319201218589,-0.8682027539127513,1.8299372224688821,-0.5853889018316827,-0.5259819940325255,-0.6066736868082235,-0.4393796970016639,0.24513790514628195,-0.5649666424925759,1,1
1980,0.0,-0.5797692290241545,0.0,1.869065995013039,-0.7051201637454491,0.8073498407295026,-1.1517280731691428,0.5760417770263487,-0.8964006874609584,-0.6512323678945482,0.18989994618976722,1.796575508108375,-0.43568468935011817,-0.6193257316688074,-0.6148376429301472,0.9601277210866757,-0.31945221922682177,1,1
1981,0.0,1.7912039585162693,0.0,1.869065995013039,-0.7051201637454491,-1.0136850978926324,-0.42091237508103096,-0.28565232257940376,2.062300710835248,-0.22179735272239318,0.5916430290547947,-0.5853889018316827,-0.19188716804442507,-0.13774190557433869,-0.6148376429301472,0.7206326590133588,-0.09781391066028679,1,1
1982,0.0,-0.5797692290241545,0.0,-0.5781438617490843,0.3044632566674553,-0.3134863441338128,0.09331284621532442,0.06050705186488595,-0.8702187222029065,-0.9856884550372446,1.8299372224688821,-0.5853889018316827,-0.37228111299119276,-0.7231613747254986,0.2763487495190057,-0.8086405688026457,-0.41322317585030355,1,1
1983,0.0,-0.5797692290241545,0.0,1.869065995013039,-0.7051201637454491,-0.26302593207191755,0.8267195475481507,2.646826355280922,1.216671489445376,0.6175390327421757,1.8299372224688821,-0.5853889018316827,2.2085560990815534,0.8664470752334493,-0.6148376429301472,-0.8086405688026457,2.127082934380329,2,3
1984,0.0,1.7912039585162693,0.0,-0.5781438617490843,-0.7051201637454491,0.22511277776376107,1.1304207749301936,-1.1790830173607565,0.2476745208433158,-0.7712150791363561,-0.6983502149263773,-0.5853889018316827,0.06570432220048986,-0.8616553267449186,-0.7310354691096125,0.7206326590133588,0.28047833743840406,1,2
1985,0.0,-0.5797692290241545,0.0,-0.5781438617490843,-0.2719857295261698,2.7671598169073808,-0.48823299841433004,-0.5592287559799917,-0.9735347546545872,1.3319368570682402,-0.6983502149263773,-0.5853889018316827,0.5173681584348357,1.2236308318456455,-0.2988445428772029,-0.8086405688026457,0.46664380036451875,1,2
1986,0.0,-0.5797692290241545,0.0,-0.5781438617490843,-0.48590079648150053,0.15440484891692588,-1.9594940475006963,-0.1164840362291223,-1.168534262844771,-0.9833866916728797,1.8031612087431304,1.796575508108375,-1.6283673795198161,-0.7245979957246627,-0.5122936330866581,0.9601277210866757,-1.566178903435328,1,0
1987,0.0,-0.5797692290241545,0.0,-0.5781438617490843,-0.7051201637454491,-0.35598638025637186,-0.22806244938070483,1.155675557835201,-1.4215480657828488,-0.17745552711068527,-0.6428211909696032,1.796575508108375,-0.34510775302775687,-0.2652273801727689,-0.7310354691096125,0.9601277210866757,-0.2927931299260776,1,1
1988,0.0,-0.5797692290241545,0.0,-0.5781438617490843,-0.7051201637454491,-0.5408699184633552,0.596275982976333,-0.6422160201744254,2.4259890569818574,2.5022201250855454,-0.6819180391364736,-0.5853889018316827,0.8943666315609019,2.3862550308612267,-0.7310354691096125,-0.8086405688026457,0.6949922881486656,1,3
1989,0.0,-0.5797692290241545,0.0,-0.5781438617490843,-0.7051201637454491,-0.2496198486474545,0.3272674109109557,0.11686857703043052,-0.7167292663132667,-0.35788291687551527,-0.6983502149263773,-0.5853889018316827,-0.28404043028963755,-0.4518343233140982,-0.7310354691096125,-0.8086405688026457,-0.1580359241056318,1,1
1990,0.0,1.7912039585162693,0.0,-0.5781438617490843,1.818838387286812,1.7882924361954688,-1.5699578548366007,2.2188936857246757,0.4892317918611078,0.5736028650200986,-0.6326215052930718,-0.5853889018316827,1.4142852990956012,0.4808675491844988,1.787425077461933,0.7206326590133588,1.287749336852605,1,3
1991,0.0,-0.5797692290241545,0.0,1.869065995013039,-0.670788841546513,2.1401353203264017,1.258614490727857,-0.9396601382158497,-1.312023919950631,-0.9603690591627464,-0.5833249876338967,1.796575508108375,0.5627131743276519,-1.0332270175228913,-0.5805811055419661,0.9601277210866757,0.8387161132315397,1,2
1992,0.0,-0.5797692290241545,0.0,-0.5781438617490843,-0.7051201637454491,-1.570681613301475,-0.8282512966511539,1.0735751218235259,-0.11536920930409406,-0.039847437907759235,-0.6983502149263773,-0.5853889018316827,-0.8411686501293926,-0.13650048042065446,-0.7310354691096125,-0.8086405688026457,-0.7892500181688332,1,0
1993,0.0,-0.5797692290241545,0.0,-0.5781438617490843,0.20829378355501613,-0.33954900447059344,-0.07369166440041007,-0.6629421556837036,2.4259890569818574,0.448224655938778,0.17255520832283555,0.21352725643243609,0.4892591039280805,0.4683827122140504,0.1803887648674371,-0.21539175235482452,0.39952452664865074,1,2
1994,0.0,-0.5797692290241545,0.0,1.869065995013039,-0.1905679661859812,-0.26907797729772537,0.6900378789495362,-0.5357145161168217,0.27502167174398945,-0.5683421572394695,-0.6854832330756891,-0.5853889018316827,-0.04879778237080929,-0.6587187099890796,-0.10140630778591035,-0.8086405688026457,0.10416391236936343,1,2
1995,0.0,-0.5797692290241545,0.0,-0.5781438617490843,-0.7051201637454491,-1.6858319869176563,-0.7713733966275155,-0.6768769430965462,0.7810113431136939,0.7660233660099248,-0.6983502149263773,-0.5853889018316827,-1.2430265248076304,0.6625246418700442,-0.7310354691096125,-0.8086405688026457,-1.3328261193015578,1,0
1996,0.0,-0.5797692290241545,0.0,-0.5781438617490843,-0.7051201637454491,-1.0343161477116247,0.8745225747767327,-0.10972935403243983,0.4515440831018039,0.953913047832805,-0.5052252003831316,-0.5853889018316827,0.11718339612161716,0.87564073584317,-0.7310354691096125,-0.8086405688026457,0.10198322611703822,1,2
1997,0.0,-0.5797692290241545,0.0,0.7155356774309343,-0.7051201637454491,0.30731750049395046,-0.6556723422327633,0.6694604507108772,0.29711034305222656,-0.9856884550372446,1.8299372224688821,1.796575508108375,0.08830426432404813,-0.7231613747254986,-0.6696092903083956,0.9601277210866757,0.22356346778435454,1,2
1998,0.0,-0.5797692290241545,0.0,-0.5781438617490843,-0.7051201637454491,-0.42119573799056154,-0.6380996576014307,0.7697221539349065,0.4727862690630675,2.5022201250855454,1.608048948871252,-0.5853889018316827,0.4440082683482095,2.704300924223103,-0.7310354691096125,-0.8086405688026457,-0.018012537567265917,1,2
1999,0.0,0.368620045992015,0.0,-0.5781438617490843,1.818838387286812,0.06558788304433483,-0.9934749108091644,-1.180519909556676,0.2759016346805755,0.9113508884661482,-0.6983502149263773,-0.5853889018316827,-0.7809663984688924,0.8066176414405427,1.787425077461933,-0.19693127767624388,-1.0181515024087535,1,0
2000,0.0,-0.5797692290241545,0.0,-0.5781438617490843,1.818838387286812,-0.6516100562080226,1.392827782751893,0.5669082561697968,-1.027433186141921,-0.7032489326915404,-0.6983502149263773,1.796575508108375,0.5975350829305143,-0.7942665366179054,1.787425077461933,0.9601277210866757,0.35609639385319647,1,2
2001,0.0,-0.5797692290241545,0.0,1.869065995013039,1.818838387286812,-0.18226949698405676,-0.6050325405950053,-0.2649536986022635,-1.1340683844424528,0.11796801872324027,-0.6983502149263773,-0.5853889018316827,-0.9966704078911035,0.019974371281290555,1.9036229036413983,-0.8086405688026457,-1.013977379660805,1,0
2002,0.0,-0.5797692290241545,0.0,-0.5781438617490843,-0.30652588155242566,-0.30712982891464247,-2.2982337998712916,0.6409529640075982,-0.9512588952440881,-0.9776322842745747,-0.6983502149263773,1.3201826315293383,-1.626074243779762,-1.0663190666107403,-0.3333094551932676,0.606374067125338,-1.5369228393867835,1,0
2003,0.0,1.7912039585162693,0.0,-0.5781438617490843,-0.7051201637454491,0.7473287434734374,0.12934100946434637,-0.5103610068150006,-0.1503377627618071,-0.890281599329461,-0.6983502149263773,-0.5853889018316827,-0.07920207785784436,-0.9797104050471988,-0.7310354691096125,0.7206326590133588,0.14295198235943696,1,2
2004,0.0,-0.5797692290241545,0.0,1.869065995013039,1.818838387286812,-0.905455135924466,0.2227794465923629,1.6839682324352874,-0.6972616147990194,-0.4136022604148625,-0.4900390502522741,-0.5853889018316827,0.1579960520080746,-0.47814869987780334,1.9036229036413983,-0.8086405688026457,0.23192437626101597,1,2
2005,0.0,-0.5797692290241545,0.0,-0.5781438617490843,-0.6759947740223863,-0.05045745931498091,0.7948446539912948,0.11521312753974074,1.826437359683124,-0.40801232293087175,-0.6983502149263773,-0.5853889018316827,0.9589190250827426,-0.5015378919370318,-0.7019735239793905,-0.8086405688026457,1.2005231202512041,1,3
2006,0.0,-0.5797692290241545,0.0,-0.5781438617490843,1.818838387286812,-0.25465386959875247,0.8793517420460334,1.223782210115649,-0.2717144474148554,2.2642950412608096,0.03150622364570419,-0.5853889018316827,1.1602064021667287,2.249436185673719,1.787425077461933,-0.8086405688026457,0.8792862475317939,1,3
2007,0.0,-0.5797692290241545,0.0,-0.5781438617490843,1.818838387286812,0.3772202235536244,0.1692916020727562,0.8432478495550807,1.0071119378651388,-0.9774359738154413,-0.6983502149263773,-0.5853889018316827,1.195445152100298,-1.0661244237624654,1.787425077461933,-0.8086405688026457,1.097824547906753,1,3
2008,0.0,-0.5797692290241545,0.0,-0.5781438617490843,-0.46098842397367523,0.740800665375353,0.6071196775105006,0.1526156327340557,-0.10192027975723729,-0.3618896987675629,-0.6983502149263773,-0.5853889018316827,0.5595129587405794,-0.4558070685428886,-0.48743552784685873,-0.8086405688026457,0.7627814912141936,1,2
2009,0.0,-0.5797692290241545,0.0,-0.5781438617490843,-0.3674140581610533,-1.090956201129774,0.4326121929904906,-1.015413893227818,0.8222836206157379,1.7389133291624936,1.8299372224688821,-0.5853889018316827,-0.13613642612703064,1.9782955625778467,-0.39406499750547935,-0.8086405688026457,-0.48643015809048373,1,1
2010,0.0,-0.5797692290241545,0.0,1.869065995013039,-0.7051201637454491,1.0918348110700338,1.3273654323004407,1.8918322597075468,-0.04159139842877658,0.35993047660629174,1.8299372224688821,-0.5853889018316827,2.110265138889107,0.6110268427731724,-0.6148376429301472,-0.8086405688026457,2.2414465036991755,2,3
2011,0.0,-0.5797692290241545,0.0,-0.5781438617490843,-0.640621747764458,0.13069999604489851,2.0386728849802176,1.5153171422041485,-0.04091047848715523,0.30609439795567706,-0.6983502149263773,-0.5853889018316827,1.7688926989273024,0.20650266147563098,-0.6666775517032226,-0.8086405688026457,1.9790070089207261,1,3
2012,0.0,-0.5797692290241545,0.0,-0.5781438617490843,-0.7051201637454491,-1.1575565354401107,-0.7722818243165018,0.5509271883057174,0.9699390937618623,0.5987718088658482,-0.6983502149263773,-0.5853889018316827,-0.3861850797906703,0.4966938470941535,-0.7310354691096125,-0.8086405688026457,-0.38431442648398817,1,1
2013,0.0,-0.5797692290241545,0.0,-0.5781438617490843,-0.15410212650205365,2.1247374941940635,0.9268580222883941,-0.818985843858273,-0.2694240267259087,-0.050386574574388276,-0.3161314263799703,0.8246471650405683,0.9241070306925699,-0.09386499419904928,-0.18121772876707537,0.2384057566068338,1.103858307167356,1,3
2014,0.0,1.7912039585162693,0.0,-0.5781438617490843,-0.7051201637454491,-1.8284120505778054,2.112842638892356,-0.0648821107799947,0.06545443892522476,-0.41593069981523206,-0.17986197485113056,1.796575508108375,0.15625858105591545,-0.43737789808398553,-0.7310354691096125,2.4894009489026803,0.28725632780235655,1,2
2015,0.0,-0.5797692290241545,0.0,1.869065995013039,-0.4300809901042937,1.6547405644452473,-1.504168997614132,-1.1117289144296738,-0.46402119904515676,0.031986371939538905,-0.5218382651162982,-0.5853889018316827,-0.7745084384985709,-0.04076172454410214,-0.3403975942638977,-0.8086405688026457,-0.7605864992464791,1,0
2016,0.0,-0.5797692290241545,0.0,-0.5781438617490843,-0.29387001711934835,0.2514931323079539,0.25564067016654185,0.3288926826165952,2.211948029721517,0.2555607345826065,-0.6983502149263773,-0.5853889018316827,1.142596819014945,0.15639826960515799,-0.32068115935836666,-0.8086405688026457,1.2974835254974217,1,3
2017,0.0,-0.5797692290241545,0.0,-0.5781438617490843,-0.45468913853299403,0.26895056572326703,-0.19329111394550103,1.3666066081238981,1.2114627475976998,0.5575271075153461,-0.6983502149263773,1.796575508108375,1.2032350493553567,0.45579950971374794,-0.48114996430324997,0.9601277210866757,1.1716569770221543,1,3
2018,0.0,-0.5797692290241545,0.0,-0.5781438617490843,-0.7051201637454491,1.3174925365893622,0.5482579519120305,-0.9662350014516908,-1.1987105941101575,-0.7838535399554364,0.2661446936066904,-0.5853889018316827,-0.14681905714769355,-0.7402309390748735,-0.7310354691096125,-0.8086405688026457,0.04152768605856785,1,1
2019,0.0,-0.5797692290241545,0.0,-0.5781438617490843,-0.7051201637454491,-0.4203764768719985,1.9148219154533535,0.06491568942052535,2.4259890569818574,0.40488497376546045,1.8299372224688821,1.796575508108375,2.1936322431940725,0.6555994621254312,-0.7310354691096125,0.9601277210866757,1.8684047383348457,2,3
2020,0.0,-0.5797692290241545,0.0,-0.5781438617490843,-0.7051201637454491,-0.31207964798983207,2.007215908567445,2.646826355280922,0.5386741717731794,1.8021310587692265,-0.6983502149263773,1.796575508108375,2.6271135018592293,1.6898308451580573,-0.7310354691096125,0.9601277210866757,2.5213150711553034,2,3
2021,0.0,1.7912039585162693,0.0,-0.5668856227257425,1.818838387286812,1.1151230175272726,0.7860080562056339,-0.577940931845209,1.5320270741597537,-0.4409898809592867,1.8299372224688821,1.796575508108375,1.7054115412649018,-0.18308988603478032,1.7879596384426784,2.4894009489026803,1.3293484371736863,1,3
